{"train_losses": [5.448391029737129, 4.764377366655882, 4.57980600700596], "val_losses": [1.1819017262939147, 1.1720763134455214, 1.1716040101792617], "learning_rates": [3.702376461712562e-05, 1.850245190494153e-05, 0.0]}